File Name	Base Sequence	Full Sequence	Protein Group	Peptide Monoisotopic Mass	MS2 Retention Time	Precursor Charge	Theoretical MZ	Peak intensity	Peak RT Start	Peak RT Apex	Peak RT End	Peak MZ	Peak Charge	Num Charge States Observed	Peak Detection Type	MBR Score	PSMs Mapped	Base Sequences Mapped	Full Sequences Mapped	Peak Split Valley RT	Peak Apex Mass Error (ppm)	
OVEMB150205_12	VNLLSAIK	NH2-VNLLSAIK-COOH	P01375	856.5382031722	0.721866666666667	2	429.276378052979	868771.014853666	0.656798333333333	1.43873	2.08855	429.275085449219	2	1	MSMS		1	1	1	0	-3.01820457125544	
OVEMB150205_12	VATVSLPR	NH2-VATVSLPR-COOH	P00761	841.50215201665	0.476561666666667	2	421.758352475204	691122.90625	0.468321666666667	0.516215	0.656798333333333	421.758483886719	2	1	MSMS		1	1	1	0	0.31232603386657	
OVEMB150205_12	VLTEIIASR	NH2-VLTEIIASR-COOH	P08758	1000.59169529704	0.57127	2	501.303124115399	684345.16796875	0.562936666666667	0.610211666666667	0.758056666666667	501.303161621094	2	1	MSMS		1	1	1	0	0.0749670319998998	
OVEMB150205_12	ASAELIEEEVAK	NH2-ASAELIEEEVAK-COOH	P12081	1287.65581167523	0.536005	2	644.835182304494	602805.8125	0.516215	0.562936666666667	0.656798333333333	644.835327148438	2	1	MSMS		1	1	1	0	0.2249730744874	
OVEMB150205_12	LVNEVTEFAK	NH2-LVNEVTEFAK-COOH	P02768	1148.607739284	0.569428333333333	2	575.311146108879	540739.1171875	0.516215	0.562936666666667	0.705683333333333	575.311157226563	2	1	MSMS		1	1	1	0	0.01935853832512	
OVEMB150205_12	YDLTVPFAR	NH2-YDLTVPFAR-COOH	P07263,P07263-2,P12081,P49590	1080.56039516876		2	541.287474051259	430457.59765625	0.656798333333333	0.705683333333333	0.807163333333333	541.287719726563	2	1	MBR	7.94418277954396	1	1	1	0	0.454718319313461	
OVEMB150205_12	AALEELVK	NH2-AALEELVK-COOH	P12081	871.50148331031	0.578628333333333	2	436.758018122034	420163.48828125	0.28864	0.610211666666667	0.807163333333333	436.757934570313	2	1	MSMS		1	1	1	0	-0.191742006285775	
OVEMB150205_12	SADFTNFDPR	NH2-SADFTNFDPR-COOH	P00918	1168.51490152832	0.573026666666667	2	585.264727231039	418441.79296875	0.468321666666667	0.516215	0.705683333333333	585.257751464844	2	1	MSMS		1	1	1	0	-11.9395416971962	
OVEMB150205_12	SYGIPYIETSAK	NH2-SYGIPYIETSAK-COOH	P01112,P01112-2	1327.66598243611	0.633786666666667	2	664.840267684934	416877.42578125	0.610211666666667	0.656798333333333	0.758056666666667	664.840576171875	2	1	MSMS		1	1	1	0	0.464705648953006	
OVEMB150205_12	GTPWEGGLFK	NH2-GTPWEGGLFK-COOH	P63279	1090.54474510462	0.718093333333333	2	546.279649019189	400138.10546875	0.705683333333333	0.705683333333333	0.839383333333333	546.279479980469	2	1	MSMS		1	1	1	0	-0.310007858083523	
OVEMB150205_12	ANRPFLVFIR	NH2-ANRPFLVFIR-COOH	P01008	1231.71896149883	0.719908333333333	2	616.866757216294	379141.71484375	0.656798333333333	0.705683333333333	0.839383333333333	616.86669921875	2	2	MSMS		2	1	1	0	-0.0941733397261459	
OVEMB150205_12	LQTAPVPMPDLK	NH2-LQTAPVPM<ox>PDLK-COOH	P10636,P10636-2,P10636-3,P10636-4,P10636-5,P10636-6,P10636-7,P10636-8,P10636-9	1324.70607342628	0.530413333333333	2	663.360313180019	372182.318359375	0.468321666666667	0.516215	0.656798333333333	663.360778808594	2	2	MSMS		1	1	1	0	0.702991530055675	
OVEMB150205_12	DLTDYLMK	NH2-DLTDYLM<ox>K-COOH	P60010,P60709,P62736,P63261,P63267,P68032,P68133,Q562R1	1013.47394823313	0.631986666666667	2	507.744250583444	370979.7109375	0.610211666666667	0.610211666666667	0.758056666666667	507.745208740234	2	1	MSMS		1	1	1	0	1.89083654711089	
OVEMB150205_12	QITVNDLPVGR	NH2-QITVNDLPVGR-COOH	P32119,Q06830	1210.66698549562	0.576646666666667	2	606.340769214689	366197.88671875	0.516215	0.562936666666667	0.758056666666667	606.340759277344	2	1	MSMS		1	1	1	0	-0.0164163150702032	
OVEMB150205_12	TGPNLHGLFGR	NH2-TGPNLHGLFGR-COOH	P99999	1167.61489035311	0.622203333333333	2	584.814721643434	356710.59765625	0.562936666666667	0.610211666666667	0.705683333333333	584.814514160156	2	1	MSMS		1	1	1	0	-0.355396765671592	
OVEMB150205_12	STDYGIFQINSR	NH2-STDYGIFQINSR-COOH	P61626	1399.67319307487	0.665393333333333	2	700.843873004314	350385.1875	0.656798333333333	0.656798333333333	0.758056666666667	700.844970703125	2	1	MSMS		1	1	1	0	1.56850730076106	
OVEMB150205_12	LVVVGAGGVGK	NH2-LVVVGAGGVGK-COOH	P01111,P01112,P01112-2,P01116,P01116-2	954.58621599378	0.524461666666667	2	478.300384463769	347842.177689215	0.468321666666667	0.516215	0.656798333333333	478.300659179688	2	1	MSMS		1	1	1	0	0.575570679685028	
OVEMB150205_12	GIDYWLAHK	NH2-GIDYWLAHK-COOH	P00709	1101.56072952193	0.620358333333333	2	551.787641227844	327820.16796875	0.516215	0.610211666666667	0.705683333333333	551.787353515625	2	1	MSMS		1	1	1	0	-0.522371960610039	
OVEMB150205_12	SASDLTWDNLK	NH2-SASDLTWDNLK-COOH	P02787	1248.59863115228	0.630046666666667	2	625.306592043019	321607.2890625	0.562936666666667	0.610211666666667	0.758056666666667	625.306030273438	2	1	MSMS		1	1	1	0	-0.899840136944969	
OVEMB150205_12	VLDALQAIK	NH2-VLDALQAIK-COOH	P00915	969.58588164061	0.667396666666667	2	485.800217287184	307707.828125	0.365565	0.656798333333333	0.758056666666667	485.800720214844	2	1	MSMS		1	1	1	0	1.03740714334878	
OVEMB150205_12	VLIVYAHQEPK	NH2-VLIVYAHQEPK-COOH	P16083	1295.72377209575	0.484271666666667	2	648.869162514754	303684.21484375	0.417873333333333	0.468321666666667	0.562936666666667	648.868835449219	2	2	MSMS		1	1	1	0	-0.504838365027823	
OVEMB150205_12	LYDAYELK	NH2-LYDAYELK-COOH	P08758	1013.50696261357	0.5862	2	507.760757773664	297067.15234375	0.516215	0.562936666666667	0.562936666666667	507.759826660156	2	1	MSMS		1	1	1	0	-1.83740919795203	
OVEMB150205_12	SLGVGFATR	NH2-SLGVGFATR-COOH	P05413	906.49231560894	0.57491	2	454.253434271349	282964.455078125	0.562936666666667	0.562936666666667	0.656798333333333	454.253723144531	2	1	MSMS		1	1	1	0	0.637342815526857	
OVEMB150205_12	YYGYTGAFR	NH2-YYGYTGAFR-COOH	P02787,P02788	1096.4977949122	0.58036	2	549.256173922979	278208.962890625	0.516215	0.562936666666667	0.705683333333333	549.25634765625	2	1	MSMS		1	1	1	0	0.316887588317578	
OVEMB150205_12	KITIADCGQLE	NH2-KITIADC<cmm>GQLE-COOH	P62937	1246.62273772514	0.537955	2	624.318645329449	269350.36328125	0.468321666666667	0.516215	0.610211666666667	624.318725585938	2	1	MSMS		1	1	1	0	0.128758262031013	
OVEMB150205_12	GTVTDFPGFDER	NH2-GTVTDFPGFDER-COOH	P08758	1339.60444480871	0.67924	2	670.809498871234	261270.1171875	0.610211666666667	0.656798333333333	0.705683333333333	670.811462402344	2	1	MSMS		1	1	1	0	2.93150880053363	
OVEMB150205_12	FGLSVGHHLGK	NH2-FGLSVGHHLGK-COOH	P15559	1150.62472676082	0.428063333333333	2	576.319639847289	259971.1953125	0.417873333333333	0.468321666666667	0.516215	576.319519042969	2	1	MSMS		1	1	1	0	-0.20998040002877	
OVEMB150205_12	LLVVYPWTQR	NH2-LLVVYPWTQR-COOH	P02042,P02100,P68871,P69891,P69892	1273.71829279249	0.764743333333333	2	637.866422863124	248277.173828125	0.758056666666667	0.758056666666667	0.807163333333333	637.866394042969	2	1	MSMS		1	1	1	0	-0.0452535783943245	
OVEMB150205_12	CGLVPVLAENYK	NH2-C<cmm>GLVPVLAENYK-COOH	P02788	1361.70132239901	0.683576666666667	2	681.857937666384	242675.102539063	0.705683333333333	0.705683333333333	0.839383333333333	681.859008789063	2	1	MSMS		2	1	1	0	1.57321236433963	
OVEMB150205_12	DQGGELLSLR	NH2-DQGGELLSLR-COOH	P12081,P49590	1086.56693710118	0.671266666666667	2	544.290745017469	234443.986328125	0.610211666666667	0.656798333333333	0.705683333333333	544.292541503906	2	1	MSMS		1	1	1	0	3.30672023232242	
OVEMB150205_12	FKDLGEENFK	NH2-FKDLGEENFK-COOH	P02768,P02768-2	1225.59790287629	0.42606	2	613.806227905024	226414.361328125	0.417873333333333	0.417873333333333	0.610211666666667	613.806030273438	2	2	MSMS		2	1	1	0	-0.322506404487802	
OVEMB150205_12	YICENQDSISSK	NH2-YIC<cmm>ENQDSISSK-COOH	P02768,P02768-2	1442.63475896082	0.305646666666667	2	722.324655947289	223977.330078125	0.28864	0.365565	0.417873333333333	722.325256347656	2	1	MSMS		1	1	1	0	0.832366423512041	
OVEMB150205_12	SAVTALWGK	NH2-SAVTALWGK-COOH	P68871	931.51271670035	0.673215	2	466.763634817054	220720.65234375	0.610211666666667	0.656798333333333	0.758056666666667	466.763732910156	2	1	MSMS		1	1	1	0	0.210610334307063	
OVEMB150205_12	EVPLNTIIFMGR	NH2-EVPLNTIIFM<ox>GR-COOH	P01008	1404.74352156416	0.727538333333333	2	703.379037248959	214522.377929688	0.705683333333333	0.758056666666667	0.911803333333333	703.378540039063	2	1	MSMS		1	1	1	0	-0.707901319683784	
OVEMB150205_12	STWLILHHK	NH2-STWLILHHK-COOH	P00167,P00167-2	1133.63456316853	0.545928333333333	2	567.824558051144	209546.483592875	0.468321666666667	0.516215	0.610211666666667	567.824951171875	2	1	MSMS		1	1	1	0	0.693558124774105	
OVEMB150205_12	EKVFDVIIR	NH2-EKVFDVIIR-COOH	P12081	1117.64954452633		2	559.832048730044	207296.27734375	0.562936666666667	0.656798333333333	0.705683333333333	559.832092285156	2	1	MBR	0.945842709155109	1	1	1	0	0.0779405536485437	
OVEMB150205_12	LADFALLCLDGK	NH2-LADFALLC<cmm>LDGK-COOH	P02788	1334.69042336214	0.770615	2	668.352488147949	201017.20486997	0.758056666666667	0.758056666666667	0.911803333333333	668.352905273438	2	1	MSMS		1	1	1	0	0.62505204403572	
OVEMB150205_12	VSFELFADKVPK	NH2-VSFELFADKVPK-COOH	P62937	1378.74965249042	0.687938333333333	2	690.382102712089	200151.598632813	0.656798333333333	0.705683333333333	0.807163333333333	690.382141113281	2	2	MSMS		1	1	1	0	0.0557043728311216	
OVEMB150205_12	VIGQDSSEIHFK	NH2-VIGQDSSEIHFK-COOH	P63165	1358.68302948258	0.436116666666667	2	680.348791208169	195467.6875	0.417873333333333	0.468321666666667	0.562936666666667	680.348693847656	2	2	MSMS		1	1	1	0	-0.143316006243775	
OVEMB150205_12	ALIVLAHSER	NH2-ALIVLAHSER-COOH	P15559	1107.64004247179	0.55853	2	554.827297702774	181213.68359375	0.516215	0.516215	0.656798333333333	554.827514648438	2	1	MSMS		1	1	1	0	0.391725930948362	
OVEMB150205_12	SLASDITDEQKK	NH2-SLASDITDEQKK-COOH	P16083	1333.67252436853	0.374183333333333	2	667.843538651144	178552.240234375	0.365565	0.417873333333333	0.468321666666667	667.842895507813	2	2	MSMS		1	1	1	0	-0.964469642574633	
OVEMB150205_12	ALLLLCGEDD	NH2-ALLLLC<cmm>GEDD-COOH	P08758	1117.53252573841		2	559.773539336084	176041.171875	0.807163333333333	0.807163333333333	0.871255	559.773254394531	2	1	MBR	0.781360733521902	1	1	1	0	-0.509947668100683	
OVEMB150205_12	DGAGDVAFIR	NH2-DGAGDVAFIR-COOH	P02788	1019.50360856863	0.637845	2	510.759080751194	173919.783317877	0.562936666666667	0.610211666666667	0.656798333333333	510.758880615234	2	1	MSMS		1	1	1	0	-0.392614519134355	
OVEMB150205_12	RHPDYSVVLLLR	NH2-RHPDYSVVLLLR-COOH	P02768,P02768-2	1466.83578215622	0.677095	3	489.952537185619	157470.729382551	0.610211666666667	0.656798333333333	0.807163333333333	489.952667236328	3	2	MSMS		2	1	1	0	0.265982144994775	
OVEMB150205_12	FLEQQNQVLQTK	NH2-FLEQQNQVLQTK-COOH	P04264,P35908,Q7Z794	1474.77799249658	0.509431666666667	2	738.396272715169	154222.810546875	0.468321666666667	0.468321666666667	0.610211666666667	738.396728515625	2	1	MSMS		1	1	1	0	0.618127553414717	
OVEMB150205_12	LKECCEKPLLEK	NH2-LKEC<cmm>C<cmm>EKPLLEK-COOH	P02768,P02768-2	1545.78948578041	0.340658333333333	3	516.270438393682	152538.278126846	0.28864	0.417873333333333	0.468321666666667	516.269104003906	3	2	MSMS		2	1	1	0	-2.5897247749246	
OVEMB150205_12	FQNALLVR	NH2-FQNALLVR-COOH	P02768,P02768-2	959.55525021867	0.643636666666667	2	480.784901576214	145811.9921875	0.610211666666667	0.610211666666667	0.705683333333333	480.784606933594	2	1	MSMS		1	1	1	0	-0.614123303616337	
OVEMB150205_12	WDGQETTLVR	NH2-WDGQETTLVR-COOH	P05413	1203.58840082175	0.560515	2	602.801476877754	144265.193359375	0.468321666666667	0.516215	0.610211666666667	602.801452636719	2	1	MSMS		1	1	1	0	-0.0402812707703295	
OVEMB150205_12	KLDLSNVQSK	NH2-KLDLSNVQSK-COOH	P10636,P10636-6,P10636-7,P10636-8,P10636-9	1130.62953735774	0.337263333333333	2	566.322045145749	133971.044921875	0.28864	0.365565	0.516215	566.322082519531	2	1	MSMS		1	1	1	0	0.0661114555833576	
OVEMB150205_12	GYSFTTTAER	NH2-GYSFTTTAER-COOH	P60709,P63261	1131.51965255559	0.511821666666667	2	566.767102744674	132968.016601563	0.417873333333333	0.468321666666667	0.610211666666667	566.766906738281	2	1	MSMS		1	1	1	0	-0.346448057451701	
OVEMB150205_12	AGKEPGLQIWR	NH2-AGKEPGLQIWR-COOH	P06396,P06396-2	1253.68805529337	0.63585	3	418.903294898002	128863.016927083	0.516215	0.562936666666667	0.705683333333333	418.9033203125	3	1	MSMS		1	1	1	0	0.0608153619961444	
OVEMB150205_12	KQTALVELVK	NH2-KQTALVELVK-COOH	P02768,P02768-2	1127.69140933831	0.603668333333333	2	564.852981136034	123475.111328125	0.516215	0.562936666666667	0.656798333333333	564.853088378906	2	1	MSMS		1	1	1	0	0.190198969913445	
OVEMB150205_12	WSALYDVR	NH2-WSALYDVR-COOH	O00762	1008.50288029264	0.694726666666667	2	505.258716613199	123330.290039063	0.610211666666667	0.656798333333333	0.705683333333333	505.258972167969	2	1	MSMS		1	1	1	0	0.506800277636638	
OVEMB150205_12	LIVALMKPSR	NH2-LIVALM<ox>KPSR-COOH	P08758	1142.68455013606		2	572.349551534909	123173.834960938	0.468321666666667	0.516215	0.610211666666667	572.349548339844	2	1	MBR	7.20134940082089	1	1	1	0	-0.00559220848617102	
OVEMB150205_12	GLFIIDDKGILR	NH2-GLFIIDDKGILR-COOH	Q06830,Q13162	1358.79218600874		2	680.403369471249	122482.125	0.705683333333333	0.705683333333333	0.758056666666667	680.403198242188	2	1	MBR	0.759191905303505	1	1	1	0	-0.252031271972812	
OVEMB150205_12	ADLIAYLKK	NH2-ADLIAYLKK-COOH	P99999	1033.61718176889	0.652418333333333	2	517.815867351324	119790.520996094	0.562936666666667	0.610211666666667	0.656798333333333	517.815612792969	2	1	MSMS		1	1	1	0	-0.492558289108936	
OVEMB150205_12	DLLHVLAFSK	NH2-DLLHVLAFSK-COOH	P41159	1141.64954452633	0.77275	2	571.832048730044	113036.046875	0.758056666666667	0.758056666666667	0.758056666666667	571.831787109375	2	1	MSMS		1	1	1	0	-0.458320454377525	
OVEMB150205_12	AFYVNVLNEEQR	NH2-AFYVNVLNEEQR-COOH	P04040	1480.73104230416	0.738978333333333	2	741.372797618959	112756.141003133	0.656798333333333	0.656798333333333	0.705683333333333	741.373962402344	2	1	MSMS		1	1	1	0	1.573254495733	
OVEMB150205_12	ANALLANGVELR	NH2-ANALLANGVELR-COOH	P01375	1239.69353459663	0.736666666666667	2	620.854043765194	106297.823172649	0.610211666666667	0.610211666666667	0.705683333333333	620.853881835938	2	1	MSMS		1	1	1	0	-0.261240785844162	
OVEMB150205_12	LDELRDEGK	NH2-LDELRDEGK-COOH	P02768	1073.53530261973	0.309198333333333	2	537.774927776744	97414.5439453125	0.28864	0.365565	0.417873333333333	537.774841308594	2	1	MSMS		1	1	1	0	-0.161090464435559	
OVEMB150205_12	SPVVSGDTSPR	NH2-SPVVSGDTSPR-COOH	P10636,P10636-2,P10636-3,P10636-4,P10636-5,P10636-6,P10636-7,P10636-8,P10636-9	1100.5462016566	0.449265	2	551.280377295179	95638.8681640625	0.28864	0.417873333333333	0.417873333333333	551.28076171875	2	1	MSMS		1	1	1	0	0.698605056963009	
OVEMB150205_12	AEFAEVSK	NH2-AEFAEVSK-COOH	P02768,P02768-2	879.43379767331	0.387178333333333	2	440.724175303534	90275.6879804517	0.365565	0.365565	0.516215	440.724395751953	2	1	MSMS		1	1	1	0	0.501341703711318	
OVEMB150205_12	ELFDPIISDR	NH2-ELFDPIISDR-COOH	P06732	1203.61355294043	0.734258333333333	2	602.814052937094	59062.00390625	0.610211666666667	0.705683333333333	0.758056666666667	602.814880371094	2	1	MSMS		1	1	1	0	1.3749163885158	
OVEMB150205_12	HLAQVGDSMDR	NH2-HLAQVGDSM<ox>DR-COOH	P55957,P55957-2	1243.56153445091	0.358553333333333	2	622.788043692334	55684.037109375	0.365565	0.417873333333333	0.417873333333333	622.786376953125	2	2	MSMS		1	1	1	0	-2.68058984247692	
OVEMB150205_14	VATVSLPR	NH2-VATVSLPR-COOH	P00761	841.50215201665	0.477733333333333	2	421.758352475204	743327.0390625	0.469438333333333	0.517541666666667	0.951118333333333	421.758514404297	2	1	MSMS		1	1	1	0	0.384857228354582	
OVEMB150205_14	VLTEIIASR	NH2-VLTEIIASR-COOH	P08758	1000.59169529704	0.573956666666667	2	501.303124115399	740617.0703125	0.517541666666667	0.61064	0.757526666666667	501.303466796875	2	1	MSMS		1	1	1	0	0.684957665910577	
OVEMB150205_14	LVNEVTEFAK	NH2-LVNEVTEFAK-COOH	P02768	1148.607739284	0.570298333333333	2	575.311146108879	604502.351039326	0.517541666666667	0.563631666666667	0.706221666666667	575.311279296875	2	1	MSMS		1	1	1	0	0.231912064346274	
OVEMB150205_14	ASAELIEEEVAK	NH2-ASAELIEEEVAK-COOH	P12081	1287.65581167523	0.533373333333333	2	644.835182304494	576122.1875	0.517541666666667	0.563631666666667	0.706221666666667	644.83544921875	2	2	MSMS		1	1	1	0	0.414573915633276	
OVEMB150205_14	AALEELVK	NH2-AALEELVK-COOH	P12081	871.50148331031	0.581448333333333	2	436.758018122034	479629.55078125	0.288428333333333	0.61064	0.706221666666667	436.758148193359	2	1	MSMS		1	1	1	0	0.298499378189153	
OVEMB150205_14	SYGIPYIETSAK	NH2-SYGIPYIETSAK-COOH	P01112,P01112-2	1327.66598243611		2	664.840267684934	456286.6484375	0.61064	0.657006666666667	0.757526666666667	664.840209960938	2	1	MBR	7.98636702712935	1	1	1	0	-0.0869556007056562	
OVEMB150205_14	SADFTNFDPR	NH2-SADFTNFDPR-COOH	P00918	1168.51490152832	0.572103333333333	2	585.264727231039	430416.24609375	0.469438333333333	0.517541666666667	0.706221666666667	585.257873535156	2	1	MSMS		1	1	1	0	-11.7306092953239	
OVEMB150205_14	YDLTVPFAR	NH2-YDLTVPFAR-COOH	P07263,P07263-2,P12081,P49590	1080.56039516876	0.714761666666667	2	541.287474051259	421999.19140625	0.657006666666667	0.706221666666667	0.829415	541.287414550781	2	1	MSMS		1	1	1	0	-0.110128925901996	
OVEMB150205_14	STDYGIFQINSR	NH2-STDYGIFQINSR-COOH	P61626	1399.67319307487	0.665418333333333	2	700.843873004314	417894.31640625	0.657006666666667	0.657006666666667	0.800516666666667	700.844665527344	2	1	MSMS		1	1	1	0	1.13244010627608	
OVEMB150205_14	GTPWEGGLFK	NH2-GTPWEGGLFK-COOH	P63279	1090.54474510462		2	546.279649019189	409462.68359375	0.657006666666667	0.706221666666667	0.863105	546.279418945313	2	1	MBR	7.9958009892722	1	1	1	0	-0.421943029059281	
OVEMB150205_14	DLTDYLMK	NH2-DLTDYLM<ox>K-COOH	P60010,P60709,P62736,P63261,P63267,P68032,P68133,Q562R1	1013.47394823313		2	507.744250583444	405834.998406444	0.61064	0.61064	0.757526666666667	507.745330810547	2	1	MBR	7.5937379632238	1	1	1	0	2.13173136776773	
OVEMB150205_14	LQTAPVPMPDLK	NH2-LQTAPVPM<ox>PDLK-COOH	P10636,P10636-2,P10636-3,P10636-4,P10636-5,P10636-6,P10636-7,P10636-8,P10636-9	1324.70607342628	0.531425	2	663.360313180019	392021.79296875	0.469438333333333	0.517541666666667	0.706221666666667	663.360412597656	2	2	MSMS		1	1	1	0	0.150097654431152	
OVEMB150205_14	ANRPFLVFIR	NH2-ANRPFLVFIR-COOH	P01008	1231.71896149883	0.720311666666667	2	616.866757216294	391964.84375	0.657006666666667	0.706221666666667	0.829415	616.866271972656	2	2	MSMS		2	1	1	0	-0.787912913614172	
OVEMB150205_14	QITVNDLPVGR	NH2-QITVNDLPVGR-COOH	P32119,Q06830	1210.66698549562	0.577473333333333	2	606.340769214689	390952.00390625	0.517541666666667	0.563631666666667	0.757526666666667	606.341064453125	2	2	MSMS		1	1	1	0	0.487728565241484	
OVEMB150205_14	GIDYWLAHK	NH2-GIDYWLAHK-COOH	P00709	1101.56072952193	0.620715	2	551.787641227844	384658.4921875	0.469438333333333	0.61064	0.706221666666667	551.787719726563	2	1	MSMS		1	1	1	0	0.142522725058236	
OVEMB150205_14	LVVVGAGGVGK	NH2-LVVVGAGGVGK-COOH	P01111,P01112,P01112-2,P01116,P01116-2	954.58621599378	0.525745	2	478.300384463769	384507.062714677	0.469438333333333	0.517541666666667	0.657006666666667	478.300598144531	2	1	MSMS		1	1	1	0	0.447692955855843	
OVEMB150205_14	TGPNLHGLFGR	NH2-TGPNLHGLFGR-COOH	P99999	1167.61489035311	0.622541666666667	2	584.814721643434	380285.62109375	0.563631666666667	0.61064	0.706221666666667	584.814636230469	2	1	MSMS		1	1	1	0	-0.146303316267083	
OVEMB150205_14	LYDAYELK	NH2-LYDAYELK-COOH	P08758	1013.50696261357	0.590906666666667	2	507.760757773664	328343.26953125	0.517541666666667	0.563631666666667	0.563631666666667	507.760009765625	2	1	MSMS		1	1	1	0	-1.47607873747286	
OVEMB150205_14	SASDLTWDNLK	NH2-SASDLTWDNLK-COOH	P02787	1248.59863115228	0.628198333333333	2	625.306592043019	322390.9296875	0.563631666666667	0.61064	0.757526666666667	625.306518554688	2	1	MSMS		1	1	1	0	-0.117713298395762	
OVEMB150205_14	SLGVGFATR	NH2-SLGVGFATR-COOH	P05413	906.49231560894	0.575748333333333	2	454.253434271349	321262.576171875	0.563631666666667	0.563631666666667	0.657006666666667	454.253875732422	2	1	MSMS		1	1	1	0	0.973998489265246	
OVEMB150205_14	VLDALQAIK	NH2-VLDALQAIK-COOH	P00915	969.58588164061	0.654843333333333	2	485.800217287184	312284.388671875	0.517541666666667	0.657006666666667	0.757526666666667	485.800415039063	2	1	MSMS		1	1	1	0	0.407909979603741	
OVEMB150205_14	YYGYTGAFR	NH2-YYGYTGAFR-COOH	P02787,P02788	1096.4977949122	0.583146666666667	2	549.256173922979	311597.7421875	0.517541666666667	0.563631666666667	0.706221666666667	549.256225585938	2	1	MSMS		1	1	1	0	0.094232671788951	
OVEMB150205_14	KITIADCGQLE	NH2-KITIADC<cmm>GQLE-COOH	P62937	1246.62273772514	0.535278333333333	2	624.318645329449	306248.796875	0.41826	0.517541666666667	0.657006666666667	624.318786621094	2	1	MSMS		1	1	1	0	0.22667907544627	
OVEMB150205_14	VLIVYAHQEPK	NH2-VLIVYAHQEPK-COOH	P16083	1295.72377209575	0.485695	2	648.869162514754	295672.50390625	0.41826	0.469438333333333	0.61064	648.869812011719	2	2	MSMS		1	1	1	0	1.00252380742113	
OVEMB150205_14	LLVVYPWTQR	NH2-LLVVYPWTQR-COOH	P02042,P02100,P68871,P69891,P69892	1273.71829279249	0.763953333333333	2	637.866422863124	281541.107421875	0.706221666666667	0.757526666666667	0.829415	637.865600585938	2	1	MSMS		1	1	1	0	-1.2911445037895	
OVEMB150205_14	CGLVPVLAENYK	NH2-C<cmm>GLVPVLAENYK-COOH	P02788	1361.70132239901	0.684013333333333	2	681.857937666384	274542.78125	0.706221666666667	0.706221666666667	0.757526666666667	681.858703613281	2	1	MSMS		2	1	1	0	1.12498517056361	
OVEMB150205_14	DQGGELLSLR	NH2-DQGGELLSLR-COOH	P12081,P49590	1086.56693710118	0.669435	2	544.290745017469	270165.8203125	0.61064	0.657006666666667	0.706221666666667	544.291870117188	2	1	MSMS		1	1	1	0	2.07092573899618	
OVEMB150205_14	FGLSVGHHLGK	NH2-FGLSVGHHLGK-COOH	P15559	1150.62472676082	0.430531666666667	2	576.319639847289	251050.75	0.41826	0.469438333333333	0.517541666666667	576.320434570313	2	1	MSMS		1	1	1	0	1.38137657754522	
OVEMB150205_14	GTVTDFPGFDER	NH2-GTVTDFPGFDER-COOH	P08758	1339.60444480871	0.677408333333333	2	670.809498871234	247814.04296875	0.61064	0.657006666666667	0.706221666666667	670.811401367188	2	1	MSMS		1	1	1	0	2.84038465342211	
OVEMB150205_14	STWLILHHK	NH2-STWLILHHK-COOH	P00167,P00167-2	1133.63456316853	0.542898333333333	2	567.824558051144	244825.459848605	0.469438333333333	0.517541666666667	0.657006666666667	567.824951171875	2	1	MSMS		1	1	1	0	0.693558124774105	
OVEMB150205_14	FKDLGEENFK	NH2-FKDLGEENFK-COOH	P02768,P02768-2	1225.59790287629	0.441298333333333	3	409.539910758976	241697.828125	0.41826	0.41826	0.563631666666667	613.806457519531	2	2	MSMS		2	1	1	0	0.374697944095561	
OVEMB150205_14	EKVFDVIIR	NH2-EKVFDVIIR-COOH	P12081	1117.64954452633	0.634136666666667	2	559.832048730044	238536.9453125	0.563631666666667	0.61064	0.706221666666667	559.831848144531	2	1	MSMS		1	1	1	0	-0.358941698387749	
OVEMB150205_14	VNLLSAIK	NH2-VNLLSAIK-COOH	P01375	856.5382031722	0.722275	2	429.276378052979	237037.322901116	0.657006666666667	0.706221666666667	0.757526666666667	429.276153564453	2	1	MSMS		1	1	1	0.800516666666667	-0.524176329621327	
OVEMB150205_14	YICENQDSISSK	NH2-YIC<cmm>ENQDSISSK-COOH	P02768,P02768-2	1442.63475896082	0.301721666666667	2	722.324655947289	228444.514648438	0.266116666666667	0.366168333333333	0.469438333333333	722.324951171875	2	1	MSMS		1	1	1	0	0.409285280687188	
OVEMB150205_14	SAVTALWGK	NH2-SAVTALWGK-COOH	P68871	931.51271670035	0.671356666666667	2	466.763634817054	221770.9921875	0.61064	0.657006666666667	0.757526666666667	466.763763427734	2	1	MSMS		1	1	1	0	0.276132956978498	
OVEMB150205_14	EVPLNTIIFMGR	NH2-EVPLNTIIFM<ox>GR-COOH	P01008	1404.74352156416	0.727895	2	703.379037248959	216183.951171875	0.706221666666667	0.757526666666667	0.863105	703.378295898438	2	1	MSMS		1	1	1	0	-1.05549591079911	
OVEMB150205_14	ALIVLAHSER	NH2-ALIVLAHSER-COOH	P15559	1107.64004247179	0.544796666666667	2	554.827297702774	214091.12109375	0.517541666666667	0.517541666666667	0.61064	554.827270507813	2	1	MSMS		1	1	1	0	-0.0491043309392091	
OVEMB150205_14	VIGQDSSEIHFK	NH2-VIGQDSSEIHFK-COOH	P63165	1358.68302948258	0.432523333333333	2	680.348791208169	208420.724609375	0.41826	0.469438333333333	0.563631666666667	680.349060058594	2	2	MSMS		1	1	1	0	0.395751501855538	
OVEMB150205_14	VSFELFADKVPK	NH2-VSFELFADKVPK-COOH	P62937	1378.74965249042	0.679605	2	690.382102712089	198950.875829988	0.657006666666667	0.706221666666667	0.800516666666667	690.381958007813	2	2	MSMS		1	1	1	0	-0.209906528204115	
OVEMB150205_14	LADFALLCLDGK	NH2-LADFALLC<cmm>LDGK-COOH	P02788	1334.69042336214	0.767946666666667	2	668.352488147949	194904.229345175	0.757526666666667	0.757526666666667	0.888228333333333	668.351501464844	2	1	MSMS		1	1	1	0	-1.47851979431425	
OVEMB150205_14	ALLLLCGEDD	NH2-ALLLLC<cmm>GEDD-COOH	P08758	1117.53252573841	0.808245	2	559.773539336084	178034.681640625	0.800516666666667	0.800516666666667	0.91958	559.773559570313	2	1	MSMS		1	1	1	0	0.0362123303268432	
OVEMB150205_14	FQNALLVR	NH2-FQNALLVR-COOH	P02768,P02768-2	959.55525021867	0.639951666666667	2	480.784901576214	175265.37890625	0.563631666666667	0.61064	0.706221666666667	480.784942626953	2	1	MSMS		1	1	1	0	0.0855620126768102	
OVEMB150205_14	SLASDITDEQKK	NH2-SLASDITDEQKK-COOH	P16083	1333.67252436853	0.377158333333333	2	667.843538651144	168275.56640625	0.366168333333333	0.41826	0.563631666666667	667.84375	2	2	MSMS		1	1	1	0	0.316942656002316	
OVEMB150205_14	DGAGDVAFIR	NH2-DGAGDVAFIR-COOH	P02788	1019.50360856863	0.641848333333333	2	510.759080751194	165522.942382813	0.563631666666667	0.61064	0.657006666666667	510.758972167969	2	1	MSMS		1	1	1	0	-0.213011948617633	
OVEMB150205_14	LKECCEKPLLEK	NH2-LKEC<cmm>C<cmm>EKPLLEK-COOH	P02768,P02768-2	1545.78948578041	0.312405	3	516.270438393682	165108.394365945	0.266116666666667	0.41826	0.469438333333333	516.269775390625	3	2	MSMS		1	1	1	0	-1.28672706742426	
OVEMB150205_14	WDGQETTLVR	NH2-WDGQETTLVR-COOH	P05413	1203.58840082175	0.553098333333333	2	602.801476877754	158399.40625	0.469438333333333	0.517541666666667	0.757526666666667	602.801574707031	2	1	MSMS		1	1	1	0	0.162562678899934	
OVEMB150205_14	ADLIAYLKK	NH2-ADLIAYLKK-COOH	P99999	1033.61718176889		2	517.815867351324	152727.626953125	0.563631666666667	0.61064	0.657006666666667	517.815979003906	2	1	MBR	8.03113854734252	1	1	1	0	0.216042426822046	
OVEMB150205_14	GYSFTTTAER	NH2-GYSFTTTAER-COOH	P60709,P63261	1131.51965255559	0.502371666666667	2	566.767102744674	148379.708984375	0.41826	0.469438333333333	0.61064	566.767761230469	2	1	MSMS		1	1	1	0	1.16389634632439	
OVEMB150205_14	LIVALMKPSR	NH2-LIVALM<ox>KPSR-COOH	P08758	1142.68455013606	0.557308333333333	2	572.349551534909	143285.48828125	0.469438333333333	0.517541666666667	0.61064	572.34912109375	2	1	MSMS		1	1	1	0	-0.753385803313593	
OVEMB150205_14	LKECCEKPLLEK	NH2-LKEC<cmm>C<cmm>EKPLLEK-COOH	P02768,P02768-2	1545.78948578041	0.326455	2	773.902019357084	141366.391927083	0.288428333333333	0.366168333333333	0.366168333333333	516.269287109375	3	2	MSMS		1	1	1	0	-2.23436176378814	
OVEMB150205_14	AGKEPGLQIWR	NH2-AGKEPGLQIWR-COOH	P06396,P06396-2	1253.68805529337	0.637985	3	418.903294898002	140739.2890625	0.563631666666667	0.61064	0.706221666666667	418.903381347656	3	1	MSMS		1	1	1	0	0.206868814429455	
OVEMB150205_14	FLEQQNQVLQTK	NH2-FLEQQNQVLQTK-COOH	P04264,P35908,Q7Z794	1474.77799249658	0.515141666666667	2	738.396272715169	131947.529750147	0.469438333333333	0.469438333333333	0.563631666666667	738.397033691406	2	1	MSMS		1	1	1	0	1.031987514443	
OVEMB150205_14	WSALYDVR	NH2-WSALYDVR-COOH	O00762	1008.50288029264	0.688191666666667	2	505.258716613199	130417.28177736	0.61064	0.657006666666667	0.706221666666667	505.258331298828	2	1	MSMS		1	1	1	0	-0.764131423498489	
OVEMB150205_14	RHPDYSVVLLLR	NH2-RHPDYSVVLLLR-COOH	P02768,P02768-2	1466.83578215622		3	489.952537185619	129224.978190104	0.61064	0.657006666666667	0.657006666666667	489.952392578125	3	1	MBR	7.7284804877842	1	1	1	0	-0.295753953482298	
OVEMB150205_14	KLDLSNVQSK	NH2-KLDLSNVQSK-COOH	P10636,P10636-6,P10636-7,P10636-8,P10636-9	1130.62953735774	0.347893333333333	2	566.322045145749	120695.622070313	0.266116666666667	0.366168333333333	0.469438333333333	566.321655273438	2	1	MSMS		1	1	1	0	-0.689655273717676	
OVEMB150205_14	GLFIIDDKGILR	NH2-GLFIIDDKGILR-COOH	Q06830,Q13162	1358.79218600874	0.822063333333333	2	680.403369471249	117596.1015625	0.706221666666667	0.757526666666667	0.800516666666667	680.402526855469	2	2	MSMS		1	1	1	0	-1.24024231066314	
OVEMB150205_14	ANALLANGVELR	NH2-ANALLANGVELR-COOH	P01375	1239.69353459663	0.699456666666667	2	620.854043765194	116134.177734375	0.61064	0.61064	0.706221666666667	620.85400390625	2	1	MSMS		1	1	1	0	-0.0643045123324681	
OVEMB150205_14	KQTALVELVK	NH2-KQTALVELVK-COOH	P02768,P02768-2	1127.69140933831		2	564.852981136034	114526.821289063	0.517541666666667	0.563631666666667	0.657006666666667	564.853088378906	2	1	MBR	7.88767922865003	1	1	1	0	0.190198969913445	
OVEMB150205_14	DLLHVLAFSK	NH2-DLLHVLAFSK-COOH	P41159	1141.64954452633	0.85302	2	571.832048730044	113838.454101563	0.706221666666667	0.757526666666667	0.757526666666667	571.831787109375	2	1	MSMS		2	1	1	0	-0.458320454377525	
OVEMB150205_14	LDELRDEGK	NH2-LDELRDEGK-COOH	P02768	1073.53530261973	0.319618333333333	2	537.774927776744	107713.545898438	0.288428333333333	0.41826	0.41826	537.775207519531	2	1	MSMS		1	1	1	0	0.52116178494337	
OVEMB150205_14	AFYVNVLNEEQR	NH2-AFYVNVLNEEQR-COOH	P04040	1480.73104230416	0.703705	2	741.372797618959	105788.168579028	0.61064	0.657006666666667	0.706221666666667	741.373413085938	2	1	MSMS		1	1	1	0	0.831301513650294	
OVEMB150205_14	AEFAEVSK	NH2-AEFAEVSK-COOH	P02768,P02768-2	879.43379767331		2	440.724175303534	92138.1661135197	0.288428333333333	0.41826	0.469438333333333	440.724578857422	2	1	MBR	0.436112755771071	1	1	1	0	0.917758423729212	
OVEMB150205_14	SPVVSGDTSPR	NH2-SPVVSGDTSPR-COOH	P10636,P10636-2,P10636-3,P10636-4,P10636-5,P10636-6,P10636-7,P10636-8,P10636-9	1100.5462016566		2	551.280377295179	87670.30859375	0.288428333333333	0.41826	0.41826	551.280212402344	2	1	MBR	7.68111192360426	1	1	1	0	-0.299656361636483	
OVEMB150205_14	ELFDPIISDR	NH2-ELFDPIISDR-COOH	P06732	1203.61355294043		2	602.814052937094	63837.5908203125	0.706221666666667	0.757526666666667	0.757526666666667	602.813110351563	2	1	MBR	0.060946502160868	1	1	1	0	-1.56625941816374	
